Range,Count
[50.000000-75.000000),6
[75.000000-100.000000),5
[100.000000-125.000000),3
